title,url
"For those of us with multiple headphones, which ones are you listening with now?",https://www.head-fi.org/threads/for-those-of-us-with-multiple-headphones-which-ones-are-you-listening-with-now.881631/
Grado Fan Club!,https://www.head-fi.org/threads/grado-fan-club.530965/
Sennheiser HD 490 Pro Plus coming?,https://www.head-fi.org/threads/sennheiser-hd-490-pro-plus-coming.971458/
"THE WATERCOOLER HEADPHONE EDITION â€“ Headphones, Amps, DACs, and desktop/home audio related â€“ a freewheeling discussion of gear, impressions, music, and musings.",https://www.head-fi.org/threads/the-watercooler-headphone-edition-%E2%80%93-headphones-amps-dacs-and-desktop-home-audio-related-%E2%80%93-a-freewheeling-discussion-of-gear-impressions-music-and-musings.972819/
Rosson Audio : Are they still in business??,https://www.head-fi.org/threads/rosson-audio-are-they-still-in-business.976340/
Meze Audio POET - Official impressions and discussion thread,https://www.head-fi.org/threads/meze-audio-poet-official-impressions-and-discussion-thread.975928/
Pics of Headphones... Rules: ONE PIC. NO WORDS!,https://www.head-fi.org/threads/pics-of-headphones-rules-one-pic-no-words.212768/
FiiO FT1,https://www.head-fi.org/threads/fiio-ft1.974052/
Introducing NOIRE X,https://www.head-fi.org/threads/introducing-noire-x.974973/
Wow! Sennheiser HD 540 Reference are so good.,https://www.head-fi.org/threads/wow-sennheiser-hd-540-reference-are-so-good.670255/
ZMF Bokeh - Open Back Headphones,https://www.head-fi.org/threads/zmf-bokeh-open-back-headphones.974425/
Sennheiser HD 600 Impressions Thread,https://www.head-fi.org/threads/sennheiser-hd-600-impressions-thread.538255/
The Aune's New Generation Full-Size Closed-Back Over-Ear Headphones SR7000 are now available for purchase,https://www.head-fi.org/threads/the-aunes-new-generation-full-size-closed-back-over-ear-headphones-sr7000-are-now-available-for-purchase.974430/
The Closed-Back Headphone Thread (Plus Comparisons & Reviews),https://www.head-fi.org/threads/the-closed-back-headphone-thread-plus-comparisons-reviews.939901/
Show us your Head-Fi station at it's current state.  No old pictures please...,https://www.head-fi.org/threads/show-us-your-head-fi-station-at-its-current-state-no-old-pictures-please.529140/
The Beyerdynamic DT880 Discussion thread,https://www.head-fi.org/threads/the-beyerdynamic-dt880-discussion-thread.429371/
Audeze LCD-2 Closed,https://www.head-fi.org/threads/audeze-lcd-2-closed.884076/
Beyerdynamic T5 (3rd Generation),https://www.head-fi.org/threads/beyerdynamic-t5-3rd-generation.940660/
The Audio Technica collectors thread,https://www.head-fi.org/threads/the-audio-technica-collectors-thread.592247/
Kaldas Research INOX: The World's First Consumer Closed-Back Electrostatic Headphone,https://www.head-fi.org/threads/kaldas-research-inox-the-worlds-first-consumer-closed-back-electrostatic-headphone.972409/
Grado Signature S950,https://www.head-fi.org/threads/grado-signature-s950.975917/
The Watercooler Headphone Edition â€“ TOUR THREAD (see second post for active tours),https://www.head-fi.org/threads/the-watercooler-headphone-edition-%E2%80%93-tour-thread-see-second-post-for-active-tours.974805/
"Meze 105 AER, Aune AR5000, FT1 Pro Open or Sennheiser HD620",https://www.head-fi.org/threads/meze-105-aer-aune-ar5000-ft1-pro-open-or-sennheiser-hd620.976335/
Sony MDR-M1 | studio headphones,https://www.head-fi.org/threads/sony-mdr-m1-studio-headphones.974075/
Grado Signature HP100 SE,https://www.head-fi.org/threads/grado-signature-hp100-se.974679/
Audio Technica the master of WOOD,https://www.head-fi.org/threads/audio-technica-the-master-of-wood.928704/
Sennheiser HD650 & Massdrop HD6XX Impressions Thread,https://www.head-fi.org/threads/sennheiser-hd650-massdrop-hd6xx-impressions-thread.197776/
Arya Unveiled impressions thread,https://www.head-fi.org/threads/arya-unveiled-impressions-thread.974651/
Dan Clark Audio Aeon 2 Noire Discussion/Impressions Thread,https://www.head-fi.org/threads/dan-clark-audio-aeon-2-noire-discussion-impressions-thread.956878/
Meze 109 Pro vs... ?,https://www.head-fi.org/threads/meze-109-pro-vs.976325/
"Focal Stellia Review, Measurements, Interview - Head-Fi TV",https://www.head-fi.org/threads/focal-stellia-review-measurements-interview-head-fi-tv.899912/
Audeze LCD-2 Impressions Thread,https://www.head-fi.org/threads/audeze-lcd-2-impressions-thread.509710/
HIFIMAN Arya - Arya Stealth - Arya Organic :: Impressions Thread,https://www.head-fi.org/threads/hifiman-arya-arya-stealth-arya-organic-impressions-thread.890421/
Kaldas Research RR 1 Conquest ($500 Electrostatic),https://www.head-fi.org/threads/kaldas-research-rr-1-conquest-500-electrostatic.900147/
"Dan Clark Audio E3 Review: Interview, Measurements, Impressions",https://www.head-fi.org/threads/dan-clark-audio-e3-review-interview-measurements-impressions.970772/
DROP + GRELL OAE1,https://www.head-fi.org/threads/drop-grell-oae1.967413/
Focal Hadenys & Azurys Review & Measurements,https://www.head-fi.org/threads/focal-hadenys-azurys-review-measurements.972755/
Audio-Technica ATH-R50x and ATH-R30x Impressions Thread,https://www.head-fi.org/threads/audio-technica-ath-r50x-and-ath-r30x-impressions-thread.976108/
HFA Dahlia - HIFI FOR ALL,https://www.head-fi.org/threads/hfa-dahlia-hifi-for-all.974404/
"Moondrop VENUS, PARA (hybrid default pads and EP-100A pads) and COSMO (re-equipped with the Brainwavz Memory Foam Hybrid Earpads XL size and ZMF Universe Lambskin perforated pads) Discussion.",https://www.head-fi.org/threads/moondrop-venus-para-hybrid-default-pads-and-ep-100a-pads-and-cosmo-re-equipped-with-the-brainwavz-memory-foam-hybrid-earpads-xl-size-and-zmf-universe-lambskin-perforated-pads-discussion.970569/
Kiwi Ears Full-Size Headphones [ DISCUSSION ],https://www.head-fi.org/threads/kiwi-ears-full-size-headphones-discussion.975803/
VZR Model One,https://www.head-fi.org/threads/vzr-model-one.961125/
"Grado Reference Series RS1e very low hours, Mint",https://www.head-fi.org/threads/grado-reference-series-rs1e-very-low-hours-mint.976320/
Best replacement pads for vintage AKG K141 Monitor and original K240 600ohm versions,https://www.head-fi.org/threads/best-replacement-pads-for-vintage-akg-k141-monitor-and-original-k240-600ohm-versions.976318/
AudioQuest NightHawk Impressions and Discussion Thread,https://www.head-fi.org/threads/audioquest-nighthawk-impressions-and-discussion-thread.749762/
Meze Audio 109 Pro,https://www.head-fi.org/threads/meze-audio-109-pro.963482/
HD800S for classic ore what is better,https://www.head-fi.org/threads/hd800s-for-classic-ore-what-is-better.976149/
New Dali iO-12 ANC Headphones â€“ Impressions Thread,https://www.head-fi.org/threads/new-dali-io-12-anc-headphones-%E2%80%93-impressions-thread.970380/
Focal Elegia - what do you think?,https://www.head-fi.org/threads/focal-elegia-what-do-you-think.890031/
Sony MDR-MV1,https://www.head-fi.org/threads/sony-mdr-mv1.967749/
All things ZMF!,https://www.head-fi.org/threads/all-things-zmf.970275/
Focal Bathys - Wireless ANC Over-Ear Headphone,https://www.head-fi.org/threads/focal-bathys-wireless-anc-over-ear-headphone.965131/
The Headphone Driver Pics Thread,https://www.head-fi.org/threads/the-headphone-driver-pics-thread.202122/
Monoprice Monolith AMT Headphones,https://www.head-fi.org/threads/monoprice-monolith-amt-headphones.960575/
AKG's new K872?,https://www.head-fi.org/threads/akgs-new-k872.803263/
Orthodynamic Roundup,https://www.head-fi.org/threads/orthodynamic-roundup.111193/
Ultrasone Fan Club!  (Roll Call),https://www.head-fi.org/threads/ultrasone-fan-club-roll-call.569107/
"Side By Side Comparison - AirPods Max, B&O H95, Dali iO-6, B&W PX8, ML 5909, M&D MW75, Focal Bathys and more",https://www.head-fi.org/threads/side-by-side-comparison-airpods-max-b-o-h95-dali-io-6-b-w-px8-ml-5909-m-d-mw75-focal-bathys-and-more.958727/
Abyss Diana TC - Review,https://www.head-fi.org/threads/abyss-diana-tc-review.961861/
Sennheiser HD565 appreciation and service thread,https://www.head-fi.org/threads/sennheiser-hd565-appreciation-and-service-thread.518202/
Is the Aeon #padgate finally coming to an end?,https://www.head-fi.org/threads/is-the-aeon-padgate-finally-coming-to-an-end.964788/
Focal announcing new wireless headphones soon?,https://www.head-fi.org/threads/focal-announcing-new-wireless-headphones-soon.976196/
Meze EMPYREAN II,https://www.head-fi.org/threads/meze-empyrean-ii.970441/
Sennheiser HD 700 Impressions Thread,https://www.head-fi.org/threads/sennheiser-hd-700-impressions-thread.612502/
New Koss PRO/4x smashing thread hearing is believing !,https://www.head-fi.org/threads/new-koss-pro-4x-smashing-thread-hearing-is-believing.957328/
Sennheiser HD 660S2 thread,https://www.head-fi.org/threads/sennheiser-hd-660s2-thread.966685/
"Audio Technica updates their open headphones ""AD"" Series: AD2000x, AD1000x, AD900x, AD700x and AD500x",https://www.head-fi.org/threads/audio-technica-updates-their-open-headphones-ad-series-ad2000x-ad1000x-ad900x-ad700x-and-ad500x.631998/
Best Movies for Headphones?,https://www.head-fi.org/threads/best-movies-for-headphones.840621/
Reviews + impressions thread: Final Audio Design Pandora Hope VI (interesting dynamic + BA full size headphones),https://www.head-fi.org/threads/reviews-impressions-thread-final-audio-design-pandora-hope-vi-interesting-dynamic-ba-full-size-headphones.696821/
JM Audio Editions XTC Headphones,https://www.head-fi.org/threads/jm-audio-editions-xtc-headphones.966501/
Which to choose: ATH R70X or HD490?,https://www.head-fi.org/threads/which-to-choose-ath-r70x-or-hd490.976276/
Audeze - MM-Series - MM-500,https://www.head-fi.org/threads/audeze-mm-series-mm-500.963588/
K240 vs k240 mkii foam discs question,https://www.head-fi.org/threads/k240-vs-k240-mkii-foam-discs-question.976295/
Edifier spirit stax s5,https://www.head-fi.org/threads/edifier-spirit-stax-s5.974862/
ZMF BOKEH - Closed Back (Semi-Portable),https://www.head-fi.org/threads/zmf-bokeh-closed-back-semi-portable.969961/
Final SONOROUS III,https://www.head-fi.org/threads/final-sonorous-iii.801075/
"HD600 vs HD650, which one is a keeper for life?",https://www.head-fi.org/threads/hd600-vs-hd650-which-one-is-a-keeper-for-life.960205/
LCD-X and XC Update,https://www.head-fi.org/threads/lcd-x-and-xc-update.956949/
are there quality differences in velour pads?,https://www.head-fi.org/threads/are-there-quality-differences-in-velour-pads.976291/
The ZMF Weight Project,https://www.head-fi.org/threads/the-zmf-weight-project.958605/
Warwick Acoustics APERIO and BRAVURA,https://www.head-fi.org/threads/warwick-acoustics-aperio-and-bravura.963941/
Bowers and Wilkins PX8 Wireless Discussion,https://www.head-fi.org/threads/bowers-and-wilkins-px8-wireless-discussion.964955/
Sony MDR MA900 Impressions Thread,https://www.head-fi.org/threads/sony-mdr-ma900-impressions-thread.663121/
Neumann NDH 30,https://www.head-fi.org/threads/neumann-ndh-30.963439/
AirPods Max,https://www.head-fi.org/threads/airpods-max.949152/
Vegan friendly headphone list,https://www.head-fi.org/threads/vegan-friendly-headphone-list.883890/
Does wide soundstage and sub bass exist in a headphone?,https://www.head-fi.org/threads/does-wide-soundstage-and-sub-bass-exist-in-a-headphone.976256/
Focal Lensys,https://www.head-fi.org/threads/focal-lensys.974424/
Headphones for metal music - ultimate solution,https://www.head-fi.org/threads/headphones-for-metal-music-ultimate-solution.715478/
Am I deaf? - APM vs. High End - nothing!,https://www.head-fi.org/threads/am-i-deaf-apm-vs-high-end-nothing.976273/
Hifiman Ananda,https://www.head-fi.org/threads/hifiman-ananda.879628/
FiiO&JadeAudio Over-Ear Headphones Discussion & Impressions Thread,https://www.head-fi.org/threads/fiio-jadeaudio-over-ear-headphones-discussion-impressions-thread.967407/
Yamaha YH-5000SE â€” a flagship from an orthodynamic headphones veteran!,https://www.head-fi.org/threads/yamaha-yh-5000se-%E2%80%94-a-flagship-from-an-orthodynamic-headphones-veteran.964970/
Audio-Technica ATH-ADX3000 - Coming in late 2024,https://www.head-fi.org/threads/audio-technica-ath-adx3000-coming-in-late-2024.973804/
LCD-X vs HD800s vs HEDDphone - portable reference mastering,https://www.head-fi.org/threads/lcd-x-vs-hd800s-vs-heddphone-portable-reference-mastering.965816/
Looking for Headphone Recommendations,https://www.head-fi.org/threads/looking-for-headphone-recommendations.976229/
= HiFiMAN HE-560 Impressions & Discussion Thread =,https://www.head-fi.org/threads/hifiman-he-560-impressions-discussion-thread.711824/
Audio Zenith PMx2 Impressions page,https://www.head-fi.org/threads/audio-zenith-pmx2-impressions-page.766713/
BEST CABLE FOR SENNHEISER HD600?,https://www.head-fi.org/threads/best-cable-for-sennheiser-hd600.250458/
Audio-Technica ATH-R70x - In-Depth Review & Impressions,https://www.head-fi.org/threads/audio-technica-ath-r70x-in-depth-review-impressions.765004/
Fostex TH808 :: Impressions Thread,https://www.head-fi.org/threads/fostex-th808-impressions-thread.971523/
THE COMPOSER OPEN BACK FLAGSHIP by AUSTRIAN AUDIO,https://www.head-fi.org/threads/the-composer-open-back-flagship-by-austrian-audio.969871/
Denon AH-7200,https://www.head-fi.org/threads/denon-ah-7200.810889/
Fatal flaw with Audeze EL-8 ???,https://www.head-fi.org/threads/fatal-flaw-with-audeze-el-8.764120/
Pioneer SE-1000 Electrostatic headphones,https://www.head-fi.org/threads/pioneer-se-1000-electrostatic-headphones.976260/
Sony MDR-1AM2 - Impressions Thread,https://www.head-fi.org/threads/sony-mdr-1am2-impressions-thread.869385/
FOSTEX T50RPmk4 RP,https://www.head-fi.org/threads/fostex-t50rpmk4-rp.972600/
The Sennheiser HD580 Impressions Thread,https://www.head-fi.org/threads/the-sennheiser-hd580-impressions-thread.130309/
Monolith M1060C Closed Back Planar Headphones impressions,https://www.head-fi.org/threads/monolith-m1060c-closed-back-planar-headphones-impressions.869648/
Basshead under $700,https://www.head-fi.org/threads/basshead-under-700.976242/
The AKG K712 Pro Support and Impressions Thread,https://www.head-fi.org/threads/the-akg-k712-pro-support-and-impressions-thread.659251/
Sennheiser HD800 update leak?,https://www.head-fi.org/threads/sennheiser-hd800-update-leak.976250/
Massdrop x Sennheiser HD 58X Jubilee Review & Measurements,https://www.head-fi.org/threads/massdrop-x-sennheiser-hd-58x-jubilee-review-measurements.867972/
Hifiman HE1000 unveiled,https://www.head-fi.org/threads/hifiman-he1000-unveiled.974283/
Audio-Technica ATH-AP2000Ti - Impressions Thread,https://www.head-fi.org/threads/audio-technica-ath-ap2000ti-impressions-thread.897731/
"Sennheiser HD-25 II, but open?",https://www.head-fi.org/threads/sennheiser-hd-25-ii-but-open.976244/
Denon D2000 Replacement Foam O-Ring's,https://www.head-fi.org/threads/denon-d2000-replacement-foam-o-rings.976245/
"Hifiman Sundara (HE400i upgraded, around $500)",https://www.head-fi.org/threads/hifiman-sundara-he400i-upgraded-around-500.860413/
Beyerdynamic T1 3rd Gen out now,https://www.head-fi.org/threads/beyerdynamic-t1-3rd-gen-out-now.938562/
Sony Z1R....listening impressions only,https://www.head-fi.org/threads/sony-z1r-listening-impressions-only.853330/
Sennheiser HD900,https://www.head-fi.org/threads/sennheiser-hd900.966343/
Focal For Bentley Radiance Headphones,https://www.head-fi.org/threads/focal-for-bentley-radiance-headphones.942341/
Audio-Technica ATH-AD2000 Discussion (and Appreciation) Thread!,https://www.head-fi.org/threads/audio-technica-ath-ad2000-discussion-and-appreciation-thread.353691/
ES Labs ES1a (homage to the Stax SR Omega),https://www.head-fi.org/threads/es-labs-es1a-homage-to-the-stax-sr-omega.924347/
Referencesounds/LFF's modded HE-5 >Code-X< thread,https://www.head-fi.org/threads/referencesounds-lffs-modded-he-5-code-x-thread.679643/
Best hard to drive planars for my Dark Star amp,https://www.head-fi.org/threads/best-hard-to-drive-planars-for-my-dark-star-amp.976231/
***Headphone Stands***,https://www.head-fi.org/threads/headphone-stands.971342/
QUAD ERA-1 Thread,https://www.head-fi.org/threads/quad-era-1-thread.878180/
Final Audio D8000 Planar Magnetic Headphone,https://www.head-fi.org/threads/final-audio-d8000-planar-magnetic-headphone.845567/
Fostex TH-909 review,https://www.head-fi.org/threads/fostex-th-909-review.891732/
AKG K240 Sextett--Grado'd AKG?,https://www.head-fi.org/threads/akg-k240-sextett-gradod-akg.243339/
Hifiman Mini Shangri-la,https://www.head-fi.org/threads/hifiman-mini-shangri-la.972837/
Meze EMPYREAN - the First Isodynamic Hybrid Array Headphone,https://www.head-fi.org/threads/meze-empyrean-the-first-isodynamic-hybrid-array-headphone.871859/
Show us your vintage headphones!,https://www.head-fi.org/threads/show-us-your-vintage-headphones.420490/
TANCHJIM Discussion & Impressions Thread,https://www.head-fi.org/threads/tanchjim-discussion-impressions-thread.975452/
AKG N9 Hybrid,https://www.head-fi.org/threads/akg-n9-hybrid.974456/
The new 50mm Kiwi Ears Ellipse Headphone,https://www.head-fi.org/threads/the-new-50mm-kiwi-ears-ellipse-headphone.976233/
DENON AH-D5000 replacement pad,https://www.head-fi.org/threads/denon-ah-d5000-replacement-pad.712658/
Battle Of The Flagships (58 Headphones Compared),https://www.head-fi.org/threads/battle-of-the-flagships-58-headphones-compared.634201/
Oppo PM2 help please?,https://www.head-fi.org/threads/oppo-pm2-help-please.976223/
HIFIMAN HE-R10 Planar & Dynamic - Quick Impressions,https://www.head-fi.org/threads/hifiman-he-r10-planar-dynamic-quick-impressions.939994/
Repairing a Stax SR-40,https://www.head-fi.org/threads/repairing-a-stax-sr-40.250525/
Successors to Final's D8000: D8000DC and D8000DC Pro,https://www.head-fi.org/threads/successors-to-finals-d8000-d8000dc-and-d8000dc-pro.973695/
HIFIMAN HE-R10 Closed-Back Headphones Discussion & Impressions,https://www.head-fi.org/threads/hifiman-he-r10-closed-back-headphones-discussion-impressions.939483/
SASH Deux & Tres; impressive planars from Ukraine,https://www.head-fi.org/threads/sash-deux-tres-impressive-planars-from-ukraine.909992/
Fostex T50RP 50th Anniversary Edition,https://www.head-fi.org/threads/fostex-t50rp-50th-anniversary-edition.969478/
Audio-Technica ATH-R70xa,https://www.head-fi.org/threads/audio-technica-ath-r70xa.975616/
Meze : POET (mini review),https://www.head-fi.org/threads/meze-poet-mini-review.975949/
"FIIOâ€™s innovative sub brand, SNOWSKY On-Ear Headphones WIND come out!",https://www.head-fi.org/threads/fiio%E2%80%99s-innovative-sub-brand-snowsky-on-ear-headphones-wind-come-out.975160/
What are the archetypical headphones in each sonic category?,https://www.head-fi.org/threads/what-are-the-archetypical-headphones-in-each-sonic-category.976207/
Audio-Technica ATH-WP900,https://www.head-fi.org/threads/audio-technica-ath-wp900.925199/
Yamaha 5000SE for $3000 Ebay ?,https://www.head-fi.org/threads/yamaha-5000se-for-3000-ebay.976201/
Upgrade to the Custom One Pro?,https://www.head-fi.org/threads/upgrade-to-the-custom-one-pro.976199/
Auribus Sierra; the elusive â€œHD600 with subbassâ€?,https://www.head-fi.org/threads/auribus-sierra-the-elusive-%E2%80%9Chd600-with-subbass%E2%80%9D.974347/
Spirit Torino Radiante - A unique and premium closed-back headphone,https://www.head-fi.org/threads/spirit-torino-radiante-a-unique-and-premium-closed-back-headphone.923481/
ZMF Auteur Thread,https://www.head-fi.org/threads/zmf-auteur-thread.862918/
Verum Two... Incoming,https://www.head-fi.org/threads/verum-two-incoming.972604/
The (Fake) Club of Low-Volume Listeners: Join Us If You Can Hear Us :),https://www.head-fi.org/threads/the-fake-club-of-low-volume-listeners-join-us-if-you-can-hear-us.976173/
Denon AH-D5200 fit question,https://www.head-fi.org/threads/denon-ah-d5200-fit-question.976181/
"Are Planar Magnetic headphones really better than dynamic one's, or is there a fundamental misconception going on?",https://www.head-fi.org/threads/are-planar-magnetic-headphones-really-better-than-dynamic-ones-or-is-there-a-fundamental-misconception-going-on.960583/
Which Headphones to Evaluate New Music?,https://www.head-fi.org/threads/which-headphones-to-evaluate-new-music.976111/
New JVC Wood - HA-SW01 and HA-SW02,https://www.head-fi.org/threads/new-jvc-wood-ha-sw01-and-ha-sw02.792512/
Hifiman Ananda Stealth Magnet Version,https://www.head-fi.org/threads/hifiman-ananda-stealth-magnet-version.961434/
Fostex TH616 - A 50th Anniversary Wood Masterpiece,https://www.head-fi.org/threads/fostex-th616-a-50th-anniversary-wood-masterpiece.969925/
A second headphone,https://www.head-fi.org/threads/a-second-headphone.976118/
Sony DR-Z6 (Vintage),https://www.head-fi.org/threads/sony-dr-z6-vintage.479489/
How to evaluate used pair of LCD-X?,https://www.head-fi.org/threads/how-to-evaluate-used-pair-of-lcd-x.975671/
Hifiman Arya Unveiled vs HE1000 Stealth vs HE1000 SE,https://www.head-fi.org/threads/hifiman-arya-unveiled-vs-he1000-stealth-vs-he1000-se.975248/
Meze 99 Classics Discussion + Impressions Thread,https://www.head-fi.org/threads/meze-99-classics-discussion-impressions-thread.794593/
Yamaha HPH-MT8 studio monitor headphones,https://www.head-fi.org/threads/yamaha-hph-mt8-studio-monitor-headphones.827438/
RockOnAv.com - New HONEST Dealer that I love!!!,https://www.head-fi.org/threads/rockonav-com-new-honest-dealer-that-i-love.976131/
ZMF Aeolus Impressions thread,https://www.head-fi.org/threads/zmf-aeolus-impressions-thread.890441/
Edifier Stax Spirit S3,https://www.head-fi.org/threads/edifier-stax-spirit-s3.963490/
The Mod Collective: Bring all your full sized headphone mods here.,https://www.head-fi.org/threads/the-mod-collective-bring-all-your-full-sized-headphone-mods-here.867426/
Take Photos of the SR7000 to Win a Prize Here!,https://www.head-fi.org/threads/take-photos-of-the-sr7000-to-win-a-prize-here.975854/
need a new set of headphones with mic,https://www.head-fi.org/threads/need-a-new-set-of-headphones-with-mic.976137/
"The Hardest hitting Headphones are..  ( ""The EXTREME BASS Club"")",https://www.head-fi.org/threads/the-hardest-hitting-headphones-are-the-extreme-bass-club.716711/
New Beyerdynamic T1  (2nd Generation),https://www.head-fi.org/threads/new-beyerdynamic-t1-2nd-generation.776332/
Cascade Headphone by Campfire Audio,https://www.head-fi.org/threads/cascade-headphone-by-campfire-audio.871210/
Dunu Arashi,https://www.head-fi.org/threads/dunu-arashi.976127/
Sony MDR-M1 vs Sony M1ST,https://www.head-fi.org/threads/sony-mdr-m1-vs-sony-m1st.974529/
Is $2000 The Hi-End Headphone Sweet Spot in Mid-2024?,https://www.head-fi.org/threads/is-2000-the-hi-end-headphone-sweet-spot-in-mid-2024.973083/
"Full Size, Big Cups, Over Ear, Closed, Replaceable Cable, Easy to drive (portable), 3.5mm, comfortable & good passive isolation with still good sound quality - Does it exist <$500?",https://www.head-fi.org/threads/full-size-big-cups-over-ear-closed-replaceable-cable-easy-to-drive-portable-3-5mm-comfortable-good-passive-isolation-with-still-good-sound-quality-does-it-exist-500.976120/
The Entry Level Stax Thread,https://www.head-fi.org/threads/the-entry-level-stax-thread.676272/
ZMF Bokeh Review - The Turntable of Headphones?,https://www.head-fi.org/threads/zmf-bokeh-review-the-turntable-of-headphones.970815/
post your grado mods....,https://www.head-fi.org/threads/post-your-grado-mods.119314/
LCD-X vs HE1000se,https://www.head-fi.org/threads/lcd-x-vs-he1000se.971310/
Fostex TH900 MkII,https://www.head-fi.org/threads/fostex-th900-mkii.792012/
Focal Elear - Impressions Thread,https://www.head-fi.org/threads/focal-elear-impressions-thread.811961/
Recommendations welcome!,https://www.head-fi.org/threads/recommendations-welcome.976078/
Fostex TH1100RP open and TH1000RP closed premium planar headphones,https://www.head-fi.org/threads/fostex-th1100rp-open-and-th1000rp-closed-premium-planar-headphones.973501/
Beyerdynamic DT1770 Pro MKII,https://www.head-fi.org/threads/beyerdynamic-dt1770-pro-mkii.974645/
The most unforgiving headphone?,https://www.head-fi.org/threads/the-most-unforgiving-headphone.975572/
Ft 1 pro dac pairing,https://www.head-fi.org/threads/ft-1-pro-dac-pairing.976096/
Drop + Ultrasone Signature X Headphones Discussion,https://www.head-fi.org/threads/drop-ultrasone-signature-x-headphones-discussion.965798/
Rank the Headphones that You Own.,https://www.head-fi.org/threads/rank-the-headphones-that-you-own.109756/
Focal Celestee (New Closed-Back Headphone),https://www.head-fi.org/threads/focal-celestee-new-closed-back-headphone.953049/
HD650 vs HD600?,https://www.head-fi.org/threads/hd650-vs-hd600.179596/
"Beyerdynamic DT-1770: Product Info, Discussion and Impressions",https://www.head-fi.org/threads/beyerdynamic-dt-1770-product-info-discussion-and-impressions.776807/
Fostex x Massdrop TH-X00 Review,https://www.head-fi.org/threads/fostex-x-massdrop-th-x00-review.788776/
New JVC Victor Woodies HA-WM90,https://www.head-fi.org/threads/new-jvc-victor-woodies-ha-wm90.892304/
Why hasn't the Sennheiser HE-1's sound been cloned for a much cheaper price?,https://www.head-fi.org/threads/why-hasnt-the-sennheiser-he-1s-sound-been-cloned-for-a-much-cheaper-price.974388/
Massdrop x Focal Elex Review & Measurements,https://www.head-fi.org/threads/massdrop-x-focal-elex-review-measurements.867615/
Soltanus Acoustics electrostatic headphones & amplifiers â€” Impressions and Discussion Thread,https://www.head-fi.org/threads/soltanus-acoustics-electrostatic-headphones-amplifiers-%E2%80%94-impressions-and-discussion-thread.963150/
Bose QuietComfort Ultra,https://www.head-fi.org/threads/bose-quietcomfort-ultra.969751/
Denon AH-D9200 - 2018 Flagship - Impressions Thread,https://www.head-fi.org/threads/denon-ah-d9200-2018-flagship-impressions-thread.882028/
"Audeze LCD XC wrecking havoc on my ears, Tinniuts increased substatially.",https://www.head-fi.org/threads/audeze-lcd-xc-wrecking-havoc-on-my-ears-tinniuts-increased-substatially.790751/
Something wrong with the bass in my headphones?,https://www.head-fi.org/threads/something-wrong-with-the-bass-in-my-headphones.611714/
Journey is starting with Audeze LCD-2â€™s.,https://www.head-fi.org/threads/journey-is-starting-with-audeze-lcd-2%E2%80%99s.975998/
"Koss KPH-40 are too aggressive, what next?",https://www.head-fi.org/threads/koss-kph-40-are-too-aggressive-what-next.975431/
HifiMan HE6 V2 Adorama,https://www.head-fi.org/threads/hifiman-he6-v2-adorama.959021/
"Kennerton ODIN, MAGISTER, VALI, Magni, Gjallarhorn, RÃ¶gnir, Thridi, Wodan, Thekk, and Thror Discussion.",https://www.head-fi.org/threads/kennerton-odin-magister-vali-magni-gjallarhorn-r%C3%B6gnir-thridi-wodan-thekk-and-thror-discussion.732814/
Stax,https://www.head-fi.org/threads/stax.393891/
Focal Clear headphones,https://www.head-fi.org/threads/focal-clear-headphones.861727/
AKG K701 vs K712 Pro?,https://www.head-fi.org/threads/akg-k701-vs-k712-pro.853687/
iBasso SR3 â€” 150Î© version of the SR2,https://www.head-fi.org/threads/ibasso-sr3-%E2%80%94-150%CE%A9-version-of-the-sr2.966541/
V-Moda Crossfade Wireless 3,https://www.head-fi.org/threads/v-moda-crossfade-wireless-3.964526/
Sennheiser HD 505 Copper Edition,https://www.head-fi.org/threads/sennheiser-hd-505-copper-edition.975827/
Audio-Technica ATH-AWAS Announcement Thread,https://www.head-fi.org/threads/audio-technica-ath-awas-announcement-thread.920327/
HiFiMan ISVARNA Closed Back Hybrid,https://www.head-fi.org/threads/hifiman-isvarna-closed-back-hybrid.974667/
Sennheiser HD820,https://www.head-fi.org/threads/sennheiser-hd820.846244/
"The ""non-Grado"" Driver Grado Thread",https://www.head-fi.org/threads/the-non-grado-driver-grado-thread.690682/
Review Tago Studio T3-01,https://www.head-fi.org/threads/review-tago-studio-t3-01.928003/
2025 Closed-Back Headphone Suggestions for Naim Uniti Atom HE,https://www.head-fi.org/threads/2025-closed-back-headphone-suggestions-for-naim-uniti-atom-he.975666/
New - Austrian Audio Hi-X65,https://www.head-fi.org/threads/new-austrian-audio-hi-x65.957774/
History of orthodynamic (planar-magnetic) headphones,https://www.head-fi.org/threads/history-of-orthodynamic-planar-magnetic-headphones.963276/
LCD2 cable,https://www.head-fi.org/threads/lcd2-cable.976030/
xDuoo XA-02 vs FIIO K11 R2R,https://www.head-fi.org/threads/xduoo-xa-02-vs-fiio-k11-r2r.976019/
New Beyerdynamic Pro X line: DT 700 Pro X and DT 900 Pro X,https://www.head-fi.org/threads/new-beyerdynamic-pro-x-line-dt-700-pro-x-and-dt-900-pro-x.959905/
Ultrasone Edition 11 LTD - mini review,https://www.head-fi.org/threads/ultrasone-edition-11-ltd-mini-review.957171/
Headphone of the year 2024,https://www.head-fi.org/threads/headphone-of-the-year-2024.975403/
IMPORTANT: Audio quality is a huge protection to your hearing!,https://www.head-fi.org/threads/important-audio-quality-is-a-huge-protection-to-your-hearing.720813/
Ultrasone Signature Fusion: Open Back,https://www.head-fi.org/threads/ultrasone-signature-fusion-open-back.976012/
Beyerdynamic DT100 (DT 100 or DT-100),https://www.head-fi.org/threads/beyerdynamic-dt100-dt-100-or-dt-100.205408/
MrSpeakers Ether CX - $899 from Massdrop,https://www.head-fi.org/threads/mrspeakers-ether-cx-899-from-massdrop.889673/
The Beyerdynamic DT48 Arrives...,https://www.head-fi.org/threads/the-beyerdynamic-dt48-arrives.418746/
"Didn't enjoy the Arya Stealth, advice?",https://www.head-fi.org/threads/didnt-enjoy-the-arya-stealth-advice.975594/
Shure SRH1840 - a few thoughts,https://www.head-fi.org/threads/shure-srh1840-a-few-thoughts.957788/
Altiat CAL.1H â€” Official Discussion & Impressions Thread,https://www.head-fi.org/threads/altiat-cal-1h-%E2%80%94-official-discussion-impressions-thread.961844/
Bass-light closed headphones for sensitive ears,https://www.head-fi.org/threads/bass-light-closed-headphones-for-sensitive-ears.975659/
Mr Speakers Voce Electrostatic headphone thread,https://www.head-fi.org/threads/mr-speakers-voce-electrostatic-headphone-thread.887301/
My impression of HD600 vs HD800S (will better AMP/DAC change this?),https://www.head-fi.org/threads/my-impression-of-hd600-vs-hd800s-will-better-amp-dac-change-this.896917/
HD800s,https://www.head-fi.org/threads/hd800s.943514/
Sony MDR-7506,https://www.head-fi.org/threads/sony-mdr-7506.352351/
Grado 325x,https://www.head-fi.org/threads/grado-325x.975934/
NEW MEZE POET,https://www.head-fi.org/threads/new-meze-poet.975924/
Anyone else using Denon SH-90?,https://www.head-fi.org/threads/anyone-else-using-denon-sh-90.975971/
MEZE 105 AER,https://www.head-fi.org/threads/meze-105-aer.974895/
Apos x Audio-Technica ATH-R70x Refine Impressions,https://www.head-fi.org/threads/apos-x-audio-technica-ath-r70x-refine-impressions.975965/
HarmonicDyne X Zreviews Eris Discussion,https://www.head-fi.org/threads/harmonicdyne-x-zreviews-eris-discussion.975117/
Fiio FT7 incoming,https://www.head-fi.org/threads/fiio-ft7-incoming.975314/
Ultrasone Pro 1480i Impressions.,https://www.head-fi.org/threads/ultrasone-pro-1480i-impressions.900011/
Most POPULAR Headphones for Professional Recording Studios,https://www.head-fi.org/threads/most-popular-headphones-for-professional-recording-studios.606979/
1MORE H1707 Triple-Driver Over Ear,https://www.head-fi.org/threads/1more-h1707-triple-driver-over-ear.849824/
Hifiman Edition XS Launched,https://www.head-fi.org/threads/hifiman-edition-xs-launched.960155/
The new Kiwi ears Ardor ANC/Wireless and Wired Headphone,https://www.head-fi.org/threads/the-new-kiwi-ears-ardor-anc-wireless-and-wired-headphone.975958/
Impressions | aune AR5000 Full-Size Open Headphones with MLD Driver,https://www.head-fi.org/threads/impressions-aune-ar5000-full-size-open-headphones-with-mld-driver.971107/
Monoprice Monolith M1060 and M560 Planar Headphones,https://www.head-fi.org/threads/monoprice-monolith-m1060-and-m560-planar-headphones.820107/
Warwick Acoustics APERIO - GoldenSound Signature Edition,https://www.head-fi.org/threads/warwick-acoustics-aperio-goldensound-signature-edition.974310/
**Hifiman HE-400 Impressions and Discussion Thread**,https://www.head-fi.org/threads/hifiman-he-400-impressions-and-discussion-thread.604583/
Any suggestions for a first-time headphone purchase?,https://www.head-fi.org/threads/any-suggestions-for-a-first-time-headphone-purchase.975904/
MEZE Audio - 105 AER.... mini-review.,https://www.head-fi.org/threads/meze-audio-105-aer-mini-review.975254/
The ZMF Limited Release Picture Repository,https://www.head-fi.org/threads/the-zmf-limited-release-picture-repository.961317/
Best wireless ANC Headphone with Great sound and very powerful bass,https://www.head-fi.org/threads/best-wireless-anc-headphone-with-great-sound-and-very-powerful-bass.975918/
SJY Audio Starry Night Planar Magnetic Headphone,https://www.head-fi.org/threads/sjy-audio-starry-night-planar-magnetic-headphone.965413/
How long will Sennheiser continue to produce the HD 600/650?,https://www.head-fi.org/threads/how-long-will-sennheiser-continue-to-produce-the-hd-600-650.975900/
Rosson Audio Design RAD-0 - Alex's Beautiful New Baby,https://www.head-fi.org/threads/rosson-audio-design-rad-0-alexs-beautiful-new-baby.905794/
Beyerdynamic DT 1990 PRO // DT 1990 PRO MK II -- Impressions Thread,https://www.head-fi.org/threads/beyerdynamic-dt-1990-pro-dt-1990-pro-mk-ii-impressions-thread.814629/
Snorry Planar Magnetic Headphones,https://www.head-fi.org/threads/snorry-planar-magnetic-headphones.957434/
Beyerdynamic DT 1770 Pro Mk1 vs Mk2,https://www.head-fi.org/threads/beyerdynamic-dt-1770-pro-mk1-vs-mk2.975894/
Best over-ear for calls in loud environment; specific requirements,https://www.head-fi.org/threads/best-over-ear-for-calls-in-loud-environment-specific-requirements.975838/
Audeze LCD-2C Classic - Impressions Thread,https://www.head-fi.org/threads/audeze-lcd-2c-classic-impressions-thread.862174/
DROP + HIFIMAN HE-R7DX CLOSED-BACK HEADPHONES,https://www.head-fi.org/threads/drop-hifiman-he-r7dx-closed-back-headphones.961738/
Double Posting Error,https://www.head-fi.org/threads/double-posting-error.975778/
Sublime Audeze LCD-X 2024 tuning,https://www.head-fi.org/threads/sublime-audeze-lcd-x-2024-tuning.975867/
Ibasso SR2...... ðŸ€ ðŸ‡ºðŸ‡¸...here ðŸ˜³,https://www.head-fi.org/threads/ibasso-sr2-%F0%9F%8D%80-%F0%9F%87%BA%F0%9F%87%B8-here-%F0%9F%98%B3.939082/
OPRA in ROON Now Available,https://www.head-fi.org/threads/opra-in-roon-now-available.974891/
"ATTICUS and EIKON, the new dynamic driver headphones from ZMF",https://www.head-fi.org/threads/atticus-and-eikon-the-new-dynamic-driver-headphones-from-zmf.821782/
AKG new N90Q,https://www.head-fi.org/threads/akg-new-n90q.749639/
A hybrid Audeze LCD-2C + GX?,https://www.head-fi.org/threads/a-hybrid-audeze-lcd-2c-gx.975846/
Drop x Sennheiser PC38X,https://www.head-fi.org/threads/drop-x-sennheiser-pc38x.942921/
How to best price a set of Headphones?,https://www.head-fi.org/threads/how-to-best-price-a-set-of-headphones.975859/
Meze Audio LIRIC - The portable isodynamic hybrid array headphone,https://www.head-fi.org/threads/meze-audio-liric-the-portable-isodynamic-hybrid-array-headphone.960638/
Help needed: Audio Technica ATH-W10VTG head pads replacement,https://www.head-fi.org/threads/help-needed-audio-technica-ath-w10vtg-head-pads-replacement.931886/
Hifiman Sundara Closed Back - cap exchange,https://www.head-fi.org/threads/hifiman-sundara-closed-back-cap-exchange.970845/
Grado SR225 vs. SR225i - Initial Impressions,https://www.head-fi.org/threads/grado-sr225-vs-sr225i-initial-impressions.411440/
Bowers & Wilkins PX7 noise-cancelling over ear headphones,https://www.head-fi.org/threads/bowers-wilkins-px7-noise-cancelling-over-ear-headphones.915539/
How do these things work? Sennheiser Momentum 3,https://www.head-fi.org/threads/how-do-these-things-work-sennheiser-momentum-3.916178/
Gen 1 Sony WH-1000x sounds better than gen 3 ..?,https://www.head-fi.org/threads/gen-1-sony-wh-1000x-sounds-better-than-gen-3.914921/
"Ultrasone Speedswitch earpads 1480i, 2400, etc",https://www.head-fi.org/threads/ultrasone-speedswitch-earpads-1480i-2400-etc.966604/
New Ultrasone Edition 15,https://www.head-fi.org/threads/new-ultrasone-edition-15.862244/
"AKG K812 Pro, underrated?",https://www.head-fi.org/threads/akg-k812-pro-underrated.850415/
Aurorus audio Quasar Impressions thread,https://www.head-fi.org/threads/aurorus-audio-quasar-impressions-thread.975821/
ZMF Auteur Classic,https://www.head-fi.org/threads/zmf-auteur-classic.964518/
Fiio FT5,https://www.head-fi.org/threads/fiio-ft5.969893/
Sony MDR-7520,https://www.head-fi.org/threads/sony-mdr-7520.682534/
Variation within a given Headphone Model,https://www.head-fi.org/threads/variation-within-a-given-headphone-model.975699/
Anyone familiar with Koss TD 70 Digital headphones circa 1991?,https://www.head-fi.org/threads/anyone-familiar-with-koss-td-70-digital-headphones-circa-1991.806292/
DT-770 pro headbands interchangeable with DT-1770 pro?,https://www.head-fi.org/threads/dt-770-pro-headbands-interchangeable-with-dt-1770-pro.975813/
AKG K340 Electrostatic Phones,https://www.head-fi.org/threads/akg-k340-electrostatic-phones.412126/
HD545 vs HD600?,https://www.head-fi.org/threads/hd545-vs-hd600.975790/
Beyerdynamic Aventho Wireless,https://www.head-fi.org/threads/beyerdynamic-aventho-wireless.861263/
"3 new Ultrasone Signature Headphones: Master, Natural and Pulse",https://www.head-fi.org/threads/3-new-ultrasone-signature-headphones-master-natural-and-pulse.958521/
My new Audeze LCD-X 2024 with fake leather (â€¢â€¿â€¢),https://www.head-fi.org/threads/my-new-audeze-lcd-x-2024-with-fake-leather-%E2%80%A2%E2%80%BF%E2%80%A2.975791/
Buy the Sennheiser HD800S now or save up for the HE1000SE? (Mostly Gaming),https://www.head-fi.org/threads/buy-the-sennheiser-hd800s-now-or-save-up-for-the-he1000se-mostly-gaming.972677/
High end Grado choices,https://www.head-fi.org/threads/high-end-grado-choices.975727/
Audio-Technica ATH-AWKT Announcement Thread,https://www.head-fi.org/threads/audio-technica-ath-awkt-announcement-thread.920326/
What exactly is the AKG K240 Sextett?,https://www.head-fi.org/threads/what-exactly-is-the-akg-k240-sextett.276791/
HEDD Announces HEDDphone With AMT Technology,https://www.head-fi.org/threads/hedd-announces-heddphone-with-amt-technology.906270/
Slightly bassier alternatives to Audio-Technica ATH-AWAS,https://www.head-fi.org/threads/slightly-bassier-alternatives-to-audio-technica-ath-awas.975752/
AKG K501 love...,https://www.head-fi.org/threads/akg-k501-love.157102/
ETHER 2: Impressions and Discussion,https://www.head-fi.org/threads/ether-2-impressions-and-discussion.890282/
"K812, D8000 and HD600 with the THA2",https://www.head-fi.org/threads/k812-d8000-and-hd600-with-the-tha2.975751/
Rode NTH-100 - Mini Review,https://www.head-fi.org/threads/rode-nth-100-mini-review.962798/
Alessandro Music Series MS PRO FAN CLUB!,https://www.head-fi.org/threads/alessandro-music-series-ms-pro-fan-club.345253/
Arya Stealth vs HE1000 Stealth?,https://www.head-fi.org/threads/arya-stealth-vs-he1000-stealth.973172/
Will the iBasso DX340 powers the Sennheiser HD 820 Earphones,https://www.head-fi.org/threads/will-the-ibasso-dx340-powers-the-sennheiser-hd-820-earphones.975737/
Erzetich Phobos 2021 Impressions Thread,https://www.head-fi.org/threads/erzetich-phobos-2021-impressions-thread.961740/
Audio-Technica ATH-MSR7b Impressions & Discussion Thread,https://www.head-fi.org/threads/audio-technica-ath-msr7b-impressions-discussion-thread.893314/
Audeze - Lunar New Year (Request),https://www.head-fi.org/threads/audeze-lunar-new-year-request.975702/
HiFiMan HE-R7DX Ear Pad Replacement Help,https://www.head-fi.org/threads/hifiman-he-r7dx-ear-pad-replacement-help.975700/
My Party Headphones,https://www.head-fi.org/threads/my-party-headphones.975696/
Ultrasone Signature DXP,https://www.head-fi.org/threads/ultrasone-signature-dxp.864735/
Masters & Dynamics MW75 New Headphones,https://www.head-fi.org/threads/masters-dynamics-mw75-new-headphones.963878/
DROP + THX Panda Announcement,https://www.head-fi.org/threads/drop-thx-panda-announcement.921062/
Grado RS1i VS Grado GS1000i - My first impressions.,https://www.head-fi.org/threads/grado-rs1i-vs-grado-gs1000i-my-first-impressions.688852/
Oppo PM-1 Planar Magnetic Headphone Impressions Thread,https://www.head-fi.org/threads/oppo-pm-1-planar-magnetic-headphone-impressions-thread.712932/
Koss Porta Pro vs Grados,https://www.head-fi.org/threads/koss-porta-pro-vs-grados.52884/
"""First"" Cans $360 + Under",https://www.head-fi.org/threads/first-cans-360-under.975665/
Audio Technica  ATH- ES 10 Impressions Thread,https://www.head-fi.org/threads/audio-technica-ath-es-10-impressions-thread.545288/
"Anyone here only use full sized headphones, avoiding IEM? Why?",https://www.head-fi.org/threads/anyone-here-only-use-full-sized-headphones-avoiding-iem-why.975660/
Recommended upgrade path for amp/dac to go with Audio Technica WP900,https://www.head-fi.org/threads/recommended-upgrade-path-for-amp-dac-to-go-with-audio-technica-wp900.975629/
SHURE headphone appreciation thread. Do you like Shure? Let's talk about it!,https://www.head-fi.org/threads/shure-headphone-appreciation-thread-do-you-like-shure-lets-talk-about-it.974948/
OPPO PM-2 Is Available - Post Your Impressions Here,https://www.head-fi.org/threads/oppo-pm-2-is-available-post-your-impressions-here.721338/
Very interesting sound sample of various EQÂ´d Sennheiser headphones,https://www.head-fi.org/threads/very-interesting-sound-sample-of-various-eq%C2%B4d-sennheiser-headphones.975652/
Focal Clear Mg Review & Measurements,https://www.head-fi.org/threads/focal-clear-mg-review-measurements.956702/
Sony WH-1000XM5 Wireless Noise Cancelling,https://www.head-fi.org/threads/sony-wh-1000xm5-wireless-noise-cancelling.963073/
best hybrid (or full) tube amplifer for the grado rs2x,https://www.head-fi.org/threads/best-hybrid-or-full-tube-amplifer-for-the-grado-rs2x.975643/
Convert Suspension-Style Head Pad to Solid/Cushion-Style?,https://www.head-fi.org/threads/convert-suspension-style-head-pad-to-solid-cushion-style.975642/
FiiO = FT5 Planar :  Initial Impressions,https://www.head-fi.org/threads/fiio-ft5-planar-initial-impressions.970688/
Sennheiser HD660S... Finally a successor for the HD650?,https://www.head-fi.org/threads/sennheiser-hd660s-finally-a-successor-for-the-hd650.862308/
Philphone,https://www.head-fi.org/threads/philphone.963988/
New Open Back,https://www.head-fi.org/threads/new-open-back.975585/
Need Advice on New Desktop Set Up,https://www.head-fi.org/threads/need-advice-on-new-desktop-set-up.975564/
Free Sonarworks App is Incredible!,https://www.head-fi.org/threads/free-sonarworks-app-is-incredible.975603/
Sony MDR-7506,https://www.head-fi.org/threads/sony-mdr-7506.569481/
Has anyone experienced the Statex branded Electrostatic Headphones?,https://www.head-fi.org/threads/has-anyone-experienced-the-statex-branded-electrostatic-headphones.975595/
Upgrade from ZMF Aeolus,https://www.head-fi.org/threads/upgrade-from-zmf-aeolus.968057/
General Thoughts on ZMF Products,https://www.head-fi.org/threads/general-thoughts-on-zmf-products.975360/
Ath M40x fake or no?,https://www.head-fi.org/threads/ath-m40x-fake-or-no.975584/
"EQing a headphone, to a different headphone, is that even possible?",https://www.head-fi.org/threads/eqing-a-headphone-to-a-different-headphone-is-that-even-possible.975580/
Beyerdynamic DT770 Pro X Anniversary model,https://www.head-fi.org/threads/beyerdynamic-dt770-pro-x-anniversary-model.971511/
Interesting question about what exactly makes a headphone hard or easy to drive? Let's chat!,https://www.head-fi.org/threads/interesting-question-about-what-exactly-makes-a-headphone-hard-or-easy-to-drive-lets-chat.975571/
Philips Fidelio X2?!,https://www.head-fi.org/threads/philips-fidelio-x2.723025/
Help picking a new full size headphone,https://www.head-fi.org/threads/help-picking-a-new-full-size-headphone.975537/
AKG K240 Studio Review,https://www.head-fi.org/threads/akg-k240-studio-review.714520/
Shure SRH940s vs Beyerdynamic DT 770s for tracking/monitoring/mixing/editing,https://www.head-fi.org/threads/shure-srh940s-vs-beyerdynamic-dt-770s-for-tracking-monitoring-mixing-editing.975555/
ZMF Caldera vs Atrium vs Verite Closed vs Audeze LCD-X vs Fostex TH-909 on multiple amps,https://www.head-fi.org/threads/zmf-caldera-vs-atrium-vs-verite-closed-vs-audeze-lcd-x-vs-fostex-th-909-on-multiple-amps.965877/
Size Matters - Earpad hole measurements for Over-ear Headphones....,https://www.head-fi.org/threads/size-matters-earpad-hole-measurements-for-over-ear-headphones.653032/
Design Philosophy of Planar Magnetic Headphones from an Audiophile's Perspective,https://www.head-fi.org/threads/design-philosophy-of-planar-magnetic-headphones-from-an-audiophiles-perspective.975536/
SIVGA SV021 â€” Impressions & Discussion Thread,https://www.head-fi.org/threads/sivga-sv021-%E2%80%94-impressions-discussion-thread.958477/
ANC headphones with good build-quality?,https://www.head-fi.org/threads/anc-headphones-with-good-build-quality.975531/
MrSpeakers AEON Flow Open - Impressions Thread,https://www.head-fi.org/threads/mrspeakers-aeon-flow-open-impressions-thread.861717/
AKG K702 (The Classic) vs. K612 Pro (The Upstart) â€“ Review and Comparison,https://www.head-fi.org/threads/akg-k702-the-classic-vs-k612-pro-the-upstart-%E2%80%93-review-and-comparison.685483/
AKG K601 & K612 Pro Owners... UNITE!!,https://www.head-fi.org/threads/akg-k601-k612-pro-owners-unite.216596/
Monolith M1570 Over Ear Open Back Balanced Planar Headphones,https://www.head-fi.org/threads/monolith-m1570-over-ear-open-back-balanced-planar-headphones.915053/
Why do Hifiman 3.5mm jacks have issues with certain third party 3.5mm plugs?,https://www.head-fi.org/threads/why-do-hifiman-3-5mm-jacks-have-issues-with-certain-third-party-3-5mm-plugs.974368/
sennheiser px 100 apreciation thread,https://www.head-fi.org/threads/sennheiser-px-100-apreciation-thread.235452/
Looking for opinions on the AKG K401,https://www.head-fi.org/threads/looking-for-opinions-on-the-akg-k401.27/
ideas for a custom Headphone Cabinet,https://www.head-fi.org/threads/ideas-for-a-custom-headphone-cabinet.975508/
Finally got the Sennheiser HD 600!,https://www.head-fi.org/threads/finally-got-the-sennheiser-hd-600.896126/
Unhappy with HE1000 Stealth. Where to go from here?,https://www.head-fi.org/threads/unhappy-with-he1000-stealth-where-to-go-from-here.975511/
Beyerdynamic TYGR 300R,https://www.head-fi.org/threads/beyerdynamic-tygr-300r.941586/
Has Anyone Else Gone Up Then Back Down the Audio Gear Ladder?,https://www.head-fi.org/threads/has-anyone-else-gone-up-then-back-down-the-audio-gear-ladder.973106/
Favorite comfortable closed back < $1500,https://www.head-fi.org/threads/favorite-comfortable-closed-back-1500.975468/
Denon AH-D7200 (2 questions),https://www.head-fi.org/threads/denon-ah-d7200-2-questions.975395/
"Attn Sony MDR-CD2000 owners, try this for me (PIC).....",https://www.head-fi.org/threads/attn-sony-mdr-cd2000-owners-try-this-for-me-pic.483881/
Avantone : Pro Planar,https://www.head-fi.org/threads/avantone-pro-planar.941951/
First Closed Back Ordered - Meze,https://www.head-fi.org/threads/first-closed-back-ordered-meze.975405/
ES-R10 closed back dynamic headphone Sony R10 Replica Discussion/Impressions,https://www.head-fi.org/threads/es-r10-closed-back-dynamic-headphone-sony-r10-replica-discussion-impressions.962569/
AKG K701/Q701/K702/K712 headband elastic quick fix,https://www.head-fi.org/threads/akg-k701-q701-k702-k712-headband-elastic-quick-fix.796604/
Shure SRH1540 Review,https://www.head-fi.org/threads/shure-srh1540-review.702042/
"Takstar Pro 82/GM200 Review, impressions and discussion thread",https://www.head-fi.org/threads/takstar-pro-82-gm200-review-impressions-and-discussion-thread.849965/
Some Dishonest Chinese Manufacturers Are Counterfeiting High-End Headphones. A Story About Fake Headphones.,https://www.head-fi.org/threads/some-dishonest-chinese-manufacturers-are-counterfeiting-high-end-headphones-a-story-about-fake-headphones.975419/
Stax SR-X1 (new entry model),https://www.head-fi.org/threads/stax-sr-x1-new-entry-model.971680/
Hifiman HE400se,https://www.head-fi.org/threads/hifiman-he400se.948033/
ZMF Headphone Cable Poll - What do you use?,https://www.head-fi.org/threads/zmf-headphone-cable-poll-what-do-you-use.951783/
"Crosszone Headphones [CZ-1, CZ-10, CZ-8A, and More!]",https://www.head-fi.org/threads/crosszone-headphones-cz-1-cz-10-cz-8a-and-more.958227/
Verum 1 Mk 2 : mini-review,https://www.head-fi.org/threads/verum-1-mk-2-mini-review.956759/
Headphones for â€œTweenâ€ (UK),https://www.head-fi.org/threads/headphones-for-%E2%80%9Ctween%E2%80%9D-uk.975413/
Sennheiser HD-800 Review,https://www.head-fi.org/threads/sennheiser-hd-800-review.782921/
Fiio FT1 Pro,https://www.head-fi.org/threads/fiio-ft1-pro.975086/
Klipsch HP-3,https://www.head-fi.org/threads/klipsch-hp-3.902998/
What are the best open-back light/compact headphones IYO,https://www.head-fi.org/threads/what-are-the-best-open-back-light-compact-headphones-iyo.975320/
---,https://www.head-fi.org/threads/964447/
What should my first Estat be?,https://www.head-fi.org/threads/what-should-my-first-estat-be.970108/
Periodic Buzzing in Headphones,https://www.head-fi.org/threads/periodic-buzzing-in-headphones.975390/
Need Help Choosing Out Bluetooth Headphones (Over Ear).,https://www.head-fi.org/threads/need-help-choosing-out-bluetooth-headphones-over-ear.975399/
MYSPHERE 3.1-UNIQUE in SOUND&DESIGN&BUILD QUALITY,https://www.head-fi.org/threads/mysphere-3-1-unique-in-sound-design-build-quality.819658/
Anyone else just a 1 headphone user? (Not a collector),https://www.head-fi.org/threads/anyone-else-just-a-1-headphone-user-not-a-collector.967674/
Most Unique Sounding Headphone(s) You've Heard,https://www.head-fi.org/threads/most-unique-sounding-headphone-s-youve-heard.971359/
Headphones that sound similar to speakers (sound signature),https://www.head-fi.org/threads/headphones-that-sound-similar-to-speakers-sound-signature.971118/
Official Unofficial 8XX Discussion Thread - UPDATE SENNHEISER HAS BEEN SOLD!!! GT(heck)IH,https://www.head-fi.org/threads/official-unofficial-8xx-discussion-thread-update-sennheiser-has-been-sold-gt-heck-ih.955266/
"$200 Budget, Considering DT770-series",https://www.head-fi.org/threads/200-budget-considering-dt770-series.975316/
Best (Widest) Soundstage Headphones,https://www.head-fi.org/threads/best-widest-soundstage-headphones.975204/
Sony MDR-M1ST - Sony's 2019 Studio Monitor Headphone,https://www.head-fi.org/threads/sony-mdr-m1st-sonys-2019-studio-monitor-headphone.909785/
Shure SRH1840 and SRH1440 Unveiled!,https://www.head-fi.org/threads/shure-srh1840-and-srh1440-unveiled.583950/
Sennheiser HD250 Linear Impressions Micro-Thread,https://www.head-fi.org/threads/sennheiser-hd250-linear-impressions-micro-thread.845221/
looking for headphones to listen to music with my iPhone and iPod,https://www.head-fi.org/threads/looking-for-headphones-to-listen-to-music-with-my-iphone-and-ipod.975380/
beyer t70 & t70p NEW!,https://www.head-fi.org/threads/beyer-t70-t70p-new.553862/
"Halo EH1 electrostatic headphones, layman's estats",https://www.head-fi.org/threads/halo-eh1-electrostatic-headphones-laymans-estats.966177/
Takstar HF 580 Planar Headphones,https://www.head-fi.org/threads/takstar-hf-580-planar-headphones.904483/
Grado or Grado-fit Pads That Don't Rot,https://www.head-fi.org/threads/grado-or-grado-fit-pads-that-dont-rot.971441/
Fostex T60RP,https://www.head-fi.org/threads/fostex-t60rp.857690/
Bluetooth headphones recommendations,https://www.head-fi.org/threads/bluetooth-headphones-recommendations.964055/
New Beyerdynamic T5p 2nd generation,https://www.head-fi.org/threads/new-beyerdynamic-t5p-2nd-generation.791328/
Does anyone own a pair of koss td-65's ?,https://www.head-fi.org/threads/does-anyone-own-a-pair-of-koss-td-65s.6748/
Sennheiser HD 630VB Review - First Impressions,https://www.head-fi.org/threads/sennheiser-hd-630vb-review-first-impressions.766311/
The most underrated Beyerdynamic Tesla: T70,https://www.head-fi.org/threads/the-most-underrated-beyerdynamic-tesla-t70.869169/
"Kennerton Audio Closed-Back Headphones (RÃ¶gnir, Gjallarhorn GH50, Magni, M-12S, Jord)",https://www.head-fi.org/threads/kennerton-audio-closed-back-headphones-r%C3%B6gnir-gjallarhorn-gh50-magni-m-12s-jord.951205/
Sony's new flagship 2014 - MDR-Z7,https://www.head-fi.org/threads/sonys-new-flagship-2014-mdr-z7.728006/
HiFiman HE-500 (HE as in High End) Proving to be an enjoyable experience in listening.,https://www.head-fi.org/threads/hifiman-he-500-he-as-in-high-end-proving-to-be-an-enjoyable-experience-in-listening.551345/
Help needed - Open back headphone impressions,https://www.head-fi.org/threads/help-needed-open-back-headphone-impressions.975274/
"Denon D2000/D5000, MD2000/MD5000 Thread!",https://www.head-fi.org/threads/denon-d2000-d5000-md2000-md5000-thread.350721/
Next headphone or maybe 2?,https://www.head-fi.org/threads/next-headphone-or-maybe-2.975330/
Open Back headphones with close to zero isolation?,https://www.head-fi.org/threads/open-back-headphones-with-close-to-zero-isolation.975212/
Looking for some very revealing and detailed headphones.,https://www.head-fi.org/threads/looking-for-some-very-revealing-and-detailed-headphones.975247/
The best you can get outside of a flat studio monitor,https://www.head-fi.org/threads/the-best-you-can-get-outside-of-a-flat-studio-monitor.975100/
will a good sounding headphone still be good in 20-30 years?,https://www.head-fi.org/threads/will-a-good-sounding-headphone-still-be-good-in-20-30-years.975313/
Deleted,https://www.head-fi.org/threads/deleted.975311/
Modhouse Audio Argon - T50RP MK2/3 & T60RP,https://www.head-fi.org/threads/modhouse-audio-argon-t50rp-mk2-3-t60rp.875899/
Sony MDR-Z7M2 Headphone Thread,https://www.head-fi.org/threads/sony-mdr-z7m2-headphone-thread.886123/
"The Koss ESP950 thread (ESP owners, please contribute! :)",https://www.head-fi.org/threads/the-koss-esp950-thread-esp-owners-please-contribute.262845/
Sennheiser HD 490 PRO just announced,https://www.head-fi.org/threads/sennheiser-hd-490-pro-just-announced.971476/
Hifiman Sundara,https://www.head-fi.org/threads/hifiman-sundara.975299/
leather pads for HE60 and HD580/600/650!,https://www.head-fi.org/threads/leather-pads-for-he60-and-hd580-600-650.445605/
Sennheiser HD25's - interesting history,https://www.head-fi.org/threads/sennheiser-hd25s-interesting-history.882417/
Dyson onTrac Headphones (Launched 2024),https://www.head-fi.org/threads/dyson-ontrac-headphones-launched-2024.973569/
100-120â‚¬ wireless headphones?,https://www.head-fi.org/threads/100-120%E2%82%AC-wireless-headphones.975290/
Focal Bathys distortion with APTX Adaptive (Creative BT-W6)?,https://www.head-fi.org/threads/focal-bathys-distortion-with-aptx-adaptive-creative-bt-w6.975287/
Beyerdynamic T90 Discussion and Support Thread,https://www.head-fi.org/threads/beyerdynamic-t90-discussion-and-support-thread.607079/
Sundara vs 400i(2016),https://www.head-fi.org/threads/sundara-vs-400i-2016.975280/
"Poll, do you want your headphones to sound like headphones or speakers?",https://www.head-fi.org/threads/poll-do-you-want-your-headphones-to-sound-like-headphones-or-speakers.975242/
HiFiman Ayra Organic vs Klipsch HP-3,https://www.head-fi.org/threads/hifiman-ayra-organic-vs-klipsch-hp-3.975101/
Is the Audeze lcd-5 Actually good With EQ?,https://www.head-fi.org/threads/is-the-audeze-lcd-5-actually-good-with-eq.975050/
Beyerdynamic Aventho 300,https://www.head-fi.org/threads/beyerdynamic-aventho-300.975128/
Music at night is better/different right?,https://www.head-fi.org/threads/music-at-night-is-better-different-right.975251/
Ambrosia headphone from Nectar Sound,https://www.head-fi.org/threads/ambrosia-headphone-from-nectar-sound.968496/
[ mini review ] HIFIMAN Edition XS,https://www.head-fi.org/threads/mini-review-hifiman-edition-xs.975222/
Differences in grado pads,https://www.head-fi.org/threads/differences-in-grado-pads.584190/
Fiio FT1 PRO:  a competitive neutral planar - Discussion,https://www.head-fi.org/threads/fiio-ft1-pro-a-competitive-neutral-planar-discussion.975203/
Hifiman Mini Shangri-La : Mini Review,https://www.head-fi.org/threads/hifiman-mini-shangri-la-mini-review.973911/
Please give me a recommendation,https://www.head-fi.org/threads/please-give-me-a-recommendation.975196/
Fostex T50RP Incremental Mods and Measurements,https://www.head-fi.org/threads/fostex-t50rp-incremental-mods-and-measurements.618659/
"akg k240DF vs k240 ""sextett""",https://www.head-fi.org/threads/akg-k240df-vs-k240-sextett.453102/
Planar Obsession: old Fostex T50,https://www.head-fi.org/threads/planar-obsession-old-fostex-t50.94407/
Microphone cable options for Hifiman Sundara?,https://www.head-fi.org/threads/microphone-cable-options-for-hifiman-sundara.947492/
Sennheiser HD800 vs. Stax or this should not be happening,https://www.head-fi.org/threads/sennheiser-hd800-vs-stax-or-this-should-not-be-happening.567783/
"Meze 109 Pro vs. Hifiman Arya Organic:Which Open-Back Headphones for Build, Comfort, and Sound",https://www.head-fi.org/threads/meze-109-pro-vs-hifiman-arya-organic-which-open-back-headphones-for-build-comfort-and-sound.974944/
Arya Stealth vs Edition XS,https://www.head-fi.org/threads/arya-stealth-vs-edition-xs.975136/
Ultrasone Pro 900 Impressions Thread,https://www.head-fi.org/threads/ultrasone-pro-900-impressions-thread.527451/
DACs qualities : Speakers vs Headphones tests,https://www.head-fi.org/threads/dacs-qualities-speakers-vs-headphones-tests.975103/
BeyerDynamic 100th Anniversary - 2024 Limited editions,https://www.head-fi.org/threads/beyerdynamic-100th-anniversary-2024-limited-editions.969137/
Suggestions under $200,https://www.head-fi.org/threads/suggestions-under-200.975111/
AudioQuest NightOwl  -  A closed-back NightHawk,https://www.head-fi.org/threads/audioquest-nightowl-a-closed-back-nighthawk.817227/
Please help me choose headphones - maybe enon AH-D5200 AND meze 109,https://www.head-fi.org/threads/please-help-me-choose-headphones-maybe-enon-ah-d5200-and-meze-109.975121/
Final Audio D7000,https://www.head-fi.org/threads/final-audio-d7000.970197/
Creative Aurvana Live! Review and Mods,https://www.head-fi.org/threads/creative-aurvana-live-review-and-mods.544730/
What did I actually buy?,https://www.head-fi.org/threads/what-did-i-actually-buy.975106/
How to post in calssifieds,https://www.head-fi.org/threads/how-to-post-in-calssifieds.975109/
Returning Sennheiser HD800S - keeping HD600? Anything breathable out there?,https://www.head-fi.org/threads/returning-sennheiser-hd800s-keeping-hd600-anything-breathable-out-there.973634/
Audeze MM-100,https://www.head-fi.org/threads/audeze-mm-100.967558/
Let make an official heavys h1h thread?,https://www.head-fi.org/threads/let-make-an-official-heavys-h1h-thread.969451/
Erzetich Mania,https://www.head-fi.org/threads/erzetich-mania.974810/
Headphone recommendations for instrumental music?,https://www.head-fi.org/threads/headphone-recommendations-for-instrumental-music.975049/
Looking for advice on which closed back headphone.,https://www.head-fi.org/threads/looking-for-advice-on-which-closed-back-headphone.975006/
Camerton Audio Binom-ER: The Full Story by voja,https://www.head-fi.org/threads/camerton-audio-binom-er-the-full-story-by-voja.971251/
Grado Hemp - Revised edition - Mini Review,https://www.head-fi.org/threads/grado-hemp-revised-edition-mini-review.956668/
"Neumann NDH 20 sometimes loses right audio channel, cause?",https://www.head-fi.org/threads/neumann-ndh-20-sometimes-loses-right-audio-channel-cause.956809/
Mitchell & Johnson JP1 modified,https://www.head-fi.org/threads/mitchell-johnson-jp1-modified.974550/
Cheap good headphones with large/round velour pads?,https://www.head-fi.org/threads/cheap-good-headphones-with-large-round-velour-pads.975008/
E-MU Wooden Series Headphones,https://www.head-fi.org/threads/e-mu-wooden-series-headphones.781884/
Grado Worksmanship Kind of Sucks,https://www.head-fi.org/threads/grado-worksmanship-kind-of-sucks.227526/
HD25-13???,https://www.head-fi.org/threads/hd25-13.84110/
Over ear headphones that are easy to take apart and clean?,https://www.head-fi.org/threads/over-ear-headphones-that-are-easy-to-take-apart-and-clean.975069/
Hifiman Arya Unveiled vs. HE1000 Stealth or SE,https://www.head-fi.org/threads/hifiman-arya-unveiled-vs-he1000-stealth-or-se.975056/
Recommend the best headphones under $1500,https://www.head-fi.org/threads/recommend-the-best-headphones-under-1500.974306/
Sivga Robin vs he400se,https://www.head-fi.org/threads/sivga-robin-vs-he400se.975063/
Sigva P2 Pro (Shared Experiences.),https://www.head-fi.org/threads/sigva-p2-pro-shared-experiences.973970/
RS-1 vs MS-Pro: a comparative review,https://www.head-fi.org/threads/rs-1-vs-ms-pro-a-comparative-review.153453/
How To EQ Like A Pro,https://www.head-fi.org/threads/how-to-eq-like-a-pro.975041/
Most comfortable closed back headphones,https://www.head-fi.org/threads/most-comfortable-closed-back-headphones.975038/
Headphone in $2k range with smoothest mid/treble,https://www.head-fi.org/threads/headphone-in-2k-range-with-smoothest-mid-treble.974043/
"Sony E888 earbuds, still a good performer in today's standards?",https://www.head-fi.org/threads/sony-e888-earbuds-still-a-good-performer-in-todays-standards.975036/
What EQ setting for Sennheiser Accentum ( HD600 and HD660s tuning ),https://www.head-fi.org/threads/what-eq-setting-for-sennheiser-accentum-hd600-and-hd660s-tuning.975034/
"Phones imparting the least individual signature, read neutral sounding!",https://www.head-fi.org/threads/phones-imparting-the-least-individual-signature-read-neutral-sounding.694313/
Formal Review of the JM Edition HE-R10 Evolution OCD Stealth Extreme,https://www.head-fi.org/threads/formal-review-of-the-jm-edition-he-r10-evolution-ocd-stealth-extreme.964660/
AKG K702 Impressions.,https://www.head-fi.org/threads/akg-k702-impressions.430984/
Good dap for a Stellia?,https://www.head-fi.org/threads/good-dap-for-a-stellia.974987/
Grado GS1000i VS Hifiman Arya V2,https://www.head-fi.org/threads/grado-gs1000i-vs-hifiman-arya-v2.970414/
