entité,fréquence
Sony,128
Sennheiser,115
Grado,72
Audeze,54
Hifiman,38
Headphones,36
HD600,35
ANC,23
Sundara,22
HD650,21
DAC,19
HD800,16
AKG,14
MDR,14
DIY,13
Ultrasone,13
LCD-X,11
Audeze LCD-X,11
Focal Clear,10
DT880,10
Bass,10
Audeze LCD-2,9
Pioneer,9
ZMF,9
STAX,9
Planar,8
Classic,8
EQ,8
Susvara,8
Fostex,8
DT770,8
Beyer,8
Sennheiser HD650,8
Hifiman Sundara,7
HD800s,7
Sennheiser Momentum,7
Stax,7
Koss,7
sony,7
LCD-XC,7
DT990,7
Dan Clark Audio,6
HiFiMAN,6
Denon,6
HP,6
PSB,6
DCA,6
Hifiman Arya,6
REVIEW,6
Cans,6
DT 990,6
Ananda,6
Arya Stealth,5
Dan Clark,5
Planar Magnetic,5
Massdrop,5
Drop,5
Beyerdynamic,5
HD599,5
Fidelio X2HR,5
Beyerdynamic DT770,5
HD580,5
R10,5
XLR,5
EDM,5
IEM,5
Audeze LCD-XC,5
Amazon,5
800s,5
TH,5
Spirit Torino,5
Reviews,4
Neumann,4
Sennheiser HD800,4
Discussion Thread,4
AMP,4
MDR-7506,4
sennheiser,4
HarmonicDyne Zeus,4
HIFIMAN,4
planar,4
Headphone,4
MDR-V6,4
Impressions Thread,4
Fostex TH900,4
Audeze LCD-GX,4
DT 880,4
Focal Elegia,4
Focal,4
Focal Elear,4
Amp,4
Arya,4
Beyer DT770,4
VS,4
Hifiman HE1000 Stealth,3
NDH,3
Magni,3
k240,3
Impressions & Discussion Thread,3
K240 Sextett,3
